{
  "results": [
    {
      "command": "with-shared-cache",
      "mean": 30.39106836518,
      "stddev": 0.2261995567219614,
      "median": 30.40528266298,
      "user": 60.40287441999999,
      "system": 3.1946534800000004,
      "min": 30.04615269098,
      "max": 30.62429557198,
      "times": [
        30.55458905598,
        30.40528266298,
        30.04615269098,
        30.32502184398,
        30.62429557198
      ],
      "exit_codes": [
        0,
        0,
        0,
        0,
        0
      ]
    },
    {
      "command": "without-shared-cache",
      "mean": 99.21338784858,
      "stddev": 1.8155052462972576,
      "median": 98.38665132998,
      "user": 498.3825388199999,
      "system": 35.84911068,
      "min": 97.66486613798,
      "max": 102.11976280598,
      "times": [
        98.07755178298,
        102.11976280598,
        99.81810718598,
        97.66486613798,
        98.38665132998
      ],
      "exit_codes": [
        0,
        0,
        0,
        0,
        0
      ]
    }
  ]
}
