{
  "results": [
    {
      "command": "with-shared-cache",
      "mean": 11.680691434,
      "stddev": 0.10759726917109552,
      "median": 11.7178206326,
      "user": 21.244631419999997,
      "system": 2.6575539,
      "min": 11.5111059746,
      "max": 11.7855168456,
      "times": [
        11.7855168456,
        11.7178206326,
        11.5111059746,
        11.7435006596,
        11.6455130576
      ],
      "exit_codes": [
        0,
        0,
        0,
        0,
        0
      ]
    },
    {
      "command": "without-shared-cache",
      "mean": 11.665597095399999,
      "stddev": 0.1331515600632548,
      "median": 11.7402246896,
      "user": 21.47250362,
      "system": 2.6655858999999995,
      "min": 11.4469077816,
      "max": 11.7608080626,
      "times": [
        11.4469077816,
        11.7502915836,
        11.7608080626,
        11.7402246896,
        11.6297533596
      ],
      "exit_codes": [
        0,
        0,
        0,
        0,
        0
      ]
    }
  ]
}
