{
  "results": [
    {
      "command": "with-cache",
      "mean": 1.0182182599799998,
      "stddev": 0.00909917874074067,
      "median": 1.02102566638,
      "user": 1.12831868,
      "system": 0.175206,
      "min": 1.0081658653799999,
      "max": 1.03048323838,
      "times": [
        1.0211496893799998,
        1.0081658653799999,
        1.02102566638,
        1.03048323838,
        1.01026684038
      ],
      "exit_codes": [
        0,
        0,
        0,
        0,
        0
      ]
    },
    {
      "command": "without-cache",
      "mean": 1.0415114077799998,
      "stddev": 0.007084827891346372,
      "median": 1.0384024613799998,
      "user": 1.12052008,
      "system": 0.1761352,
      "min": 1.0341737543799998,
      "max": 1.05070147238,
      "times": [
        1.0341737543799998,
        1.0472399553799998,
        1.0384024613799998,
        1.05070147238,
        1.03703939538
      ],
      "exit_codes": [
        0,
        0,
        0,
        0,
        0
      ]
    }
  ]
}
