{
  "results": [
    {
      "command": "with-shared-cache",
      "mean": 6.1353252376,
      "stddev": 0.03980060137148281,
      "median": 6.1220876526,
      "user": 12.257253346666667,
      "system": 1.0755560733333331,
      "min": 6.103830218600001,
      "max": 6.1800578416,
      "times": [
        6.1220876526,
        6.1800578416,
        6.103830218600001
      ],
      "exit_codes": [
        0,
        0,
        0
      ]
    },
    {
      "command": "without-shared-cache",
      "mean": 20.891164534599998,
      "stddev": 0.23156912735971152,
      "median": 20.9739747326,
      "user": 109.63832534666666,
      "system": 8.463441406666666,
      "min": 20.6295751626,
      "max": 21.0699437086,
      "times": [
        20.6295751626,
        20.9739747326,
        21.0699437086
      ],
      "exit_codes": [
        0,
        0,
        0
      ]
    }
  ]
}
