{
    "suiteName": "ITreeCursor",
    "benchmarks": [
        {
            "iterationsPerSecond": 151.7905167242128,
            "stats": {
                "marginOfError": 0.00013224519244444232,
                "relatedMarginOfError": 2.007356609543486,
                "arithmeticMean": 0.006588026851617439,
                "standardErrorOfMean": 0.00006747203696145017,
                "variance": 3.596455859664565e-7,
                "standardDeviation": 0.0005997045822456724,
                "sample": [
                    0.010901780166666666,
                    0.006381074888888889,
                    0.006879870333333333,
                    0.006467712888888889,
                    0.0062879388888888894,
                    0.006503295777777778,
                    0.007249811444444444,
                    0.006701863555555555,
                    0.0071652554444444445,
                    0.006463428888888889,
                    0.006230594,
                    0.006338794777777778,
                    0.006853109,
                    0.006511651333333333,
                    0.0064108728888888885,
                    0.006463517777777778,
                    0.0064550177777777775,
                    0.006446917666666666,
                    0.0063745615555555555,
                    0.006389061777777778,
                    0.006351361555555556,
                    0.006307672222222223,
                    0.006806575333333333,
                    0.006584063,
                    0.006397061666666666,
                    0.006427673111111112,
                    0.006431984222222222,
                    0.0064473176666666665,
                    0.006677619111111112,
                    0.006364183777777778,
                    0.006323616777777778,
                    0.006424484111111111,
                    0.006517551333333333,
                    0.006477628888888889,
                    0.006326316888888889,
                    0.006255538777777778,
                    0.006460573333333334,
                    0.006877920333333333,
                    0.006284461111111111,
                    0.006296538888888889,
                    0.006287105555555556,
                    0.006324872444444444,
                    0.006454039888888889,
                    0.0064585177777777775,
                    0.006451495333333333,
                    0.006338594666666667,
                    0.006487773444444444,
                    0.006390139555555555,
                    0.006261360888888889,
                    0.006232027333333333,
                    0.006433039777777778,
                    0.0065079068888888895,
                    0.0070157212222222215,
                    0.006476206666666667,
                    0.006553751666666666,
                    0.006336694777777778,
                    0.006407266444444445,
                    0.006303662,
                    0.006363262666666667,
                    0.007074783333333333,
                    0.007244907777777778,
                    0.006555498666666667,
                    0.006350918111111111,
                    0.006304184111111111,
                    0.00632334,
                    0.006374696222222222,
                    0.006325428888888889,
                    0.008593681444444444,
                    0.006586332444444444,
                    0.006310773111111111,
                    0.006264639222222222,
                    0.006537387222222222,
                    0.006638922,
                    0.006879680777777778,
                    0.007238252222222223,
                    0.0064170523333333335,
                    0.007058949777777778,
                    0.0063782184444444445,
                    0.006396763222222222
                ]
            },
            "iterationCountPerSample": 9,
            "numSamples": 79,
            "benchmarkName": "Direct: 'canada'",
            "totalTimeSeconds": 5.656
        },
        {
            "iterationsPerSecond": 41.84435842259752,
            "stats": {
                "marginOfError": 0.0011683979433477873,
                "relatedMarginOfError": 4.8890862321670605,
                "arithmeticMean": 0.02389808417901235,
                "standardErrorOfMean": 0.0005961213996672385,
                "variance": 0.00001918947904962628,
                "standardDeviation": 0.004380579761815356,
                "sample": [
                    0.023909652333333333,
                    0.023608948666666667,
                    0.021879692000000003,
                    0.022401232333333337,
                    0.01847267966666667,
                    0.025419872666666666,
                    0.023081841333333335,
                    0.025699809666666667,
                    0.028260710666666664,
                    0.02273560366666667,
                    0.02347001333333333,
                    0.03307361266666667,
                    0.023708794666666668,
                    0.022572845666666664,
                    0.022448244000000003,
                    0.019740006333333334,
                    0.025468385666666666,
                    0.023566926000000002,
                    0.036313769,
                    0.018608390666666665,
                    0.024949178333333336,
                    0.022377442666666667,
                    0.022429276666666668,
                    0.022628446333333333,
                    0.019488969666666665,
                    0.022544945,
                    0.038331996666666666,
                    0.017496975333333335,
                    0.026117427999999998,
                    0.022552411666666664,
                    0.022576745333333332,
                    0.024405137666666663,
                    0.020326147666666666,
                    0.02927467166666667,
                    0.020542284333333334,
                    0.01983320766666667,
                    0.026721069666666666,
                    0.023290855333333332,
                    0.020009110333333333,
                    0.023406790333333333,
                    0.023707428,
                    0.038201461666666665,
                    0.020032877,
                    0.025383751333333333,
                    0.023180720666666668,
                    0.023466824333333334,
                    0.020172512333333333,
                    0.023620859999999997,
                    0.023012784999999997,
                    0.024066299666666666,
                    0.019887808333333333,
                    0.028154922666666665,
                    0.020274113666666666,
                    0.023590059666666666
                ]
            },
            "iterationCountPerSample": 3,
            "numSamples": 54,
            "benchmarkName": "cursorToJsonObject(JsonCursor): 'canada'",
            "totalTimeSeconds": 5.543
        },
        {
            "iterationsPerSecond": 35.67479256228972,
            "stats": {
                "marginOfError": 0.0017353852458166287,
                "relatedMarginOfError": 6.190950866016638,
                "arithmeticMean": 0.028030996907801416,
                "standardErrorOfMean": 0.000885400635620729,
                "variance": 0.000036844911421206764,
                "standardDeviation": 0.006070000940791259,